<ImportExportXml xmlns:xsi="http://www.w3.org/2001/XMLSchema-instance">
  <Entities></Entities>
  <Roles></Roles>
  <Workflows>
    <Workflow WorkflowId="{543c2bd7-2008-ef11-9f89-000d3a3b2226}" Name="DD_Azure_Completions">
      <JsonFileName>/Workflows/DD_Azure_Completions-543C2BD7-2008-EF11-9F89-000D3A3B2226.json</JsonFileName>
      <Type>1</Type>
      <Subprocess>0</Subprocess>
      <Category>5</Category>
      <Mode>0</Mode>
      <Scope>4</Scope>
      <OnDemand>0</OnDemand>
      <TriggerOnCreate>0</TriggerOnCreate>
      <TriggerOnDelete>0</TriggerOnDelete>
      <AsyncAutodelete>0</AsyncAutodelete>
      <SyncWorkflowLogOnFailure>0</SyncWorkflowLogOnFailure>
      <StateCode>1</StateCode>
      <StatusCode>2</StatusCode>
      <RunAs>1</RunAs>
      <IsTransacted>1</IsTransacted>
      <IntroducedVersion>1.0.0.0</IntroducedVersion>
      <IsCustomizable>1</IsCustomizable>
      <BusinessProcessType>0</BusinessProcessType>
      <IsCustomProcessingStepAllowedForOtherPublishers>1</IsCustomProcessingStepAllowedForOtherPublishers>
      <PrimaryEntity>none</PrimaryEntity>
      <LocalizedNames>
        <LocalizedName languagecode="1033" description="DD_Azure_Completions" />
      </LocalizedNames>
    </Workflow>
  </Workflows>
  <FieldSecurityProfiles></FieldSecurityProfiles>
  <Templates />
  <EntityMaps />
  <EntityRelationships />
  <OrganizationSettings />
  <optionsets />
  <CustomControls />
  <EntityDataProviders />
  <CanvasApps>
    <CanvasApp>
      <Name>ddp_ddhackathonapp_ae6e4</Name>
      <AppVersion>2024-05-02T00:36:02Z</AppVersion>
      <Status>Ready</Status>
      <CreatedByClientVersion>3.24043.33.0</CreatedByClientVersion>
      <MinClientVersion>3.24043.33.0</MinClientVersion>
      <Tags>{"primaryDeviceWidth":"1412","primaryDeviceHeight":"532","supportsPortrait":"true","supportsLandscape":"true","primaryFormFactor":"Tablet","showStatusBar":"false","publisherVersion":"3.24043.33","minimumRequiredApiVersion":"2.2.0","hasComponent":"false","hasUnlockedComponent":"false","isUnifiedRootApp":"false","sienaVersion":"20240502T003602Z-3.24043.33.0"}</Tags>
      <IsCdsUpgraded>0</IsCdsUpgraded>
      <GalleryItemId xsi:nil="true"></GalleryItemId>
      <BackgroundColor>RGBA(0,176,240,1)</BackgroundColor>
      <DisplayName>D&amp;D_Hackathon_App</DisplayName>
      <Description xsi:nil="true"></Description>
      <CommitMessage xsi:nil="true"></CommitMessage>
      <Publisher xsi:nil="true"></Publisher>
      <AuthorizationReferences>[]</AuthorizationReferences>
      <ConnectionReferences>{"261a406e-13f7-4525-8780-12672d9b3d18":{"id":"/providers/microsoft.powerapps/apis/shared_logicflows","displayName":"Logic flows","iconUri":"https://connectoricons-prod.azureedge.net/releases/v1.0.1686/1.0.1686.3699/logicflows/icon.png","dataSources":["Button-&gt;HTTP,Compose"],"dependencies":[],"dependents":[],"parameterHints":{"workflowName":{"value":"580a018a-d798-4881-988e-cd008d057905"},"workflowEntityId":{},"workflowDisplayName":{"value":"Button -&gt; HTTP,Compose"}},"parameterHintsV2":{"workflowName":{"value":"580a018a-d798-4881-988e-cd008d057905"},"workflowEntityId":{},"workflowDisplayName":{"value":"Button -&gt; HTTP,Compose"}},"isOnPremiseConnection":false,"bypassConsent":false,"dataSets":{},"apiTier":"Standard","actions":["Run"]}}</ConnectionReferences>
      <DatabaseReferences>{}</DatabaseReferences>
      <AppComponents>[]</AppComponents>
      <AppComponentDependencies>[]</AppComponentDependencies>
      <CanConsumeAppPass>0</CanConsumeAppPass>
      <CanvasAppType>0</CanvasAppType>
      <BypassConsent>0</BypassConsent>
      <AdminControlBypassConsent>0</AdminControlBypassConsent>
      <EmbeddedApp xsi:nil="true"></EmbeddedApp>
      <IntroducedVersion>1.0</IntroducedVersion>
      <CdsDependencies>{"cdsdependencies":[]}</CdsDependencies>
      <IsCustomizable>1</IsCustomizable>
      <BackgroundImageUri>/CanvasApps/ddp_ddhackathonapp_ae6e4_BackgroundImageUri</BackgroundImageUri>
      <DocumentUri>/CanvasApps/ddp_ddhackathonapp_ae6e4_DocumentUri.msapp</DocumentUri>
      <AdditionalUris>
        <AdditionalUri>/CanvasApps/ddp_ddhackathonapp_ae6e4_AdditionalUris0_identity.json</AdditionalUri>
      </AdditionalUris>
    </CanvasApp>
  </CanvasApps>
  <Languages>
    <Language>1033</Language>
  </Languages>
</ImportExportXml>